1	时光之轮旋转不息，岁月来去如风，
2	世代更替只留下回忆；时间流淌，残留的回忆变为传说，
3	传说又慢慢成为神话，
4	而当同一纪元轮回再临时，神话也早已烟消云散。
6	在一个遥远的纪元，人们称之为传说纪元，
7	人类享有空前的繁荣。
8	一些人天生能够感知并使用至上力，他们就是两仪师。
9	至上力是宇宙的命脉，是推动造化的力量。
10	借助至上力，两仪师几乎无所不能。
11	他们控制气候，治愈病患，寿命近乎永恒。
13	随着知识增长，傲慢也与日俱增。
14	一名女子运用力量，在时间与造化之外撕开了一道裂隙。
15	一个黑暗的存在由此进入了世界。
16	他的名字叫撒丹，但人们也用其他称呼指代他：
17	谎言之父、灵魂之灾，或干脆称他为暗帝。
19	许多人投奔暗帝，其中包括十三名最强大的两仪师，
20	他们后来被称为背弃者。
21	他们的军队由暗帝创造的梦魇般的生物组成：
22	兽魔人，以及它们可怖的统领：魔达奥。
23	暗影战争就此爆发。
25	一名被称为真龙的男子率军攻向煞妖谷，
26	那道裂隙所在之处，并将暗帝逼了回去。
27	随后他封闭裂隙，将暗帝与十三名背弃者囚禁在另一侧。
29	真龙制造了石质封印，
30	用以维系紧锁牢狱的力量。
31	他将封印交给幸存的两仪师，
32	他们将其藏于白塔，守护了许多年。
34	但暗帝实施了报复。
35	就在被囚禁的前一刻，他污染了
36	至上力的男性一半：阳极力。
37	污染使所有试图使用至上力的男性陷入疯狂，
38	这些失控的男人摧毁了大地。
39	这场灾变被称为世界崩毁。
41	女性两仪师联合起来，消灭了试图使用至上力的男人，
42	但许多封印也在混乱中失落。
43	白塔只剩下两枚。
44	直到今天，两仪师仍在寻找失落的封印。
45	但她们并不知道，其他人也在寻找。
47	过去、未来与现在的一切，都仍可能落入暗影之手。
