1	撰史者伊莱娜，愿光明让你看到这封信。
2	你回来时我未能在此，我很遗憾。
3	但暗帝从内外发动的攻击，迫使我暂时放下白塔的防务，
4	去保护我们最神圣的职责所在：昆达雅石封印。
5	我不能信任任何人。
6	瑟芙蕾姆守护者集结了自己的势力，赶走了可能威胁她权力的人。
7	恐怕整个评议会都已落入她手中。
8	你知道，一个人一次只能携带一枚封印。
9	白塔的两枚封印，我不得不留下一枚，藏在我的房间里。
10	另一枚被我带进白塔地下隐藏的古老墓穴，那是最安全的地方。
11	你必须尽快赶来。
12	这些特法器应该能引导你平安找到我。
13	去最深的地下室，使用追迹。
14	它的力量会显示通往最近封印的路线，
15	引导你找到墓穴的隐秘入口。
16	从那里往前，到处都是陷阱。
17	陷阱侦测会提醒你最隐蔽的那些。
18	其余的，就靠你自己的身手了。
19	我只能希望你已成功追回失窃的东西。
20	白塔从未像现在这样需要那件特法器。
22	这场结盟给我们带来了什么？
23	自从伊煞梅尔开始发号施令，一切都乱了套。
24	我们单独行事时明明做得更好。
25	白塔本来很快就要归我们了。伊煞梅尔却要让它塌在我们头上！
26	依他的命令，我们把他的仆人带进白塔。
27	依他的命令，我们为追捕凶手而把白塔的兵力调了出去。
28	结果，就在我们的兵力散布各地时，
29	他通过道派来大军，要把我们都消灭！
30	要不是那个烦人的撰史者，这次袭击早就成功了。
31	谢天谢地，我们的卫兵正在赶回来。
32	谁知道伊煞梅尔什么时候又会进攻？
33	任由那个弃光魔使胡来，我们连白塔都没得统治了！
35	你不满意？
37	你还没认清自己的身份。
38	你的奖赏不是统治这座可悲的白塔。
39	你的奖赏是侍奉伊煞梅尔，不许迟疑，不许质疑。
40	如果听见这些话的是他，你早就死了。或者比死更惨。
41	依我看，现在白塔由你掌管，瑟芙蕾姆。
42	玉座走了，你接替了她的位置。
43	封印在哪里？
44	封印，大人？
46	啊，白塔只有两枚封印。
47	一枚似乎和玉座一起失踪了。
48	我们怀疑它其实还在塔里，但一直找不到。
49	第二枚在撰史者手里。
50	这是你的白塔！你不知道自己的东西在哪儿？
51	你连最珍贵的宝物都看不好？
52	伊煞梅尔要那些封印。
53	本来只须把东西拿来，你的无能却把一切都搞砸了！
54	找到玉座，找到撰史者。
55	夺走她们守着的封印。动作快点，赶在卫兵回来之前！
56	如果你失败，就会求我让你像你的同伴一样痛快死去！
